Quantidade,Valor
15000.0,15000.0
5.506733333333333,55.17974866666667
2.880643655402993,25.871806626172017
1.0,10.0
3.0,32.8975
6.0,55.28
8.0,77.3925
10.0,99.99
